"study_id","participant_id","trial","rating","polarity","sentence_type","gesture_type","event_type","scenario_code","scenario","scenario_suffix","modifier_order","participant_sd","exclusion_threshold","included","exclusion_reason"
"baseline2","baseline2_001","Neg C C_1",0,"negative",,"conflated",,"C","paper","1",,39.5142730893253,,TRUE,
"baseline2","baseline2_001","Neg P D_1",0,"negative",,"path",,"D","plank","1",,39.5142730893253,,TRUE,
"baseline2","baseline2_001","Neg M B_1",0,"negative",,"manner",,"B","car","1",,39.5142730893253,,TRUE,
"baseline2","baseline2_001","Aff C D_1",0,"affirmative",,"conflated",,"D","plank","1",,39.5142730893253,,TRUE,
"baseline2","baseline2_001","Aff P E_1",0,"affirmative",,"path",,"E","chair","1",,39.5142730893253,,TRUE,
"baseline2","baseline2_001","Aff P B_1",8,"affirmative",,"path",,"B","car","1",,39.5142730893253,,TRUE,
"baseline2","baseline2_001","Aff C A_1",18,"affirmative",,"conflated",,"A","leaf","1",,39.5142730893253,,TRUE,
"baseline2","baseline2_001","Neg 0 A_1",71,"negative",,"none",,"A","leaf","1",,39.5142730893253,,TRUE,
"baseline2","baseline2_001","Aff 0 C_1",79,"affirmative",,"none",,"C","paper","1",,39.5142730893253,,TRUE,
"baseline2","baseline2_001","Neg 0 E_1",100,"negative",,"none",,"E","chair","1",,39.5142730893253,,TRUE,
"baseline2","baseline2_002","Neg M E_1",0,"negative",,"manner",,"E","chair","1",,28.4636220073584,,TRUE,
"baseline2","baseline2_002","Neg P C_1",0,"negative",,"path",,"C","paper","1",,28.4636220073584,,TRUE,
"baseline2","baseline2_002","Aff 0 E_1",0,"affirmative",,"none",,"E","chair","1",,28.4636220073584,,TRUE,
"baseline2","baseline2_002","Aff P D_1",0,"affirmative",,"path",,"D","plank","1",,28.4636220073584,,TRUE,
"baseline2","baseline2_002","Aff M C_1",0,"affirmative",,"manner",,"C","paper","1",,28.4636220073584,,TRUE,
"baseline2","baseline2_002","Aff 0 B_1",8,"affirmative",,"none",,"B","car","1",,28.4636220073584,,TRUE,
"baseline2","baseline2_002","Neg M A_1",10,"negative",,"manner",,"A","leaf","1",,28.4636220073584,,TRUE,
"baseline2","baseline2_002","Neg 0 D_1",15,"negative",,"none",,"D","plank","1",,28.4636220073584,,TRUE,
"baseline2","baseline2_002","Neg C B_1",50,"negative",,"conflated",,"B","car","1",,28.4636220073584,,TRUE,
"baseline2","baseline2_002","Aff P A_1",85,"affirmative",,"path",,"A","leaf","1",,28.4636220073584,,TRUE,
"baseline2","baseline2_003","Neg C A_1",40,"negative",,"conflated",,"A","leaf","1",,12.4917750718,,TRUE,
"baseline2","baseline2_003","Neg P B_1",41,"negative",,"path",,"B","car","1",,12.4917750718,,TRUE,
"baseline2","baseline2_003","Aff M B_1",42,"affirmative",,"manner",,"B","car","1",,12.4917750718,,TRUE,
"baseline2","baseline2_003","Neg 0 C_1",53,"negative",,"none",,"C","paper","1",,12.4917750718,,TRUE,
"baseline2","baseline2_003","Neg C E_1",54,"negative",,"conflated",,"E","chair","1",,12.4917750718,,TRUE,
"baseline2","baseline2_003","Aff M E_1",55,"affirmative",,"manner",,"E","chair","1",,12.4917750718,,TRUE,
"baseline2","baseline2_003","Neg M D_1",60,"negative",,"manner",,"D","plank","1",,12.4917750718,,TRUE,
"baseline2","baseline2_003","Aff 0 D_1",60,"affirmative",,"none",,"D","plank","1",,12.4917750718,,TRUE,
"baseline2","baseline2_003","Aff 0 A_1",74,"affirmative",,"none",,"A","leaf","1",,12.4917750718,,TRUE,
"baseline2","baseline2_003","Aff C C_1",75,"affirmative",,"conflated",,"C","paper","1",,12.4917750718,,TRUE,
"baseline2","baseline2_004","Neg 0 C_1",4,"negative",,"none",,"C","paper","1",,28.1456529108454,,TRUE,
"baseline2","baseline2_004","Neg C E_1",8,"negative",,"conflated",,"E","chair","1",,28.1456529108454,,TRUE,
"baseline2","baseline2_004","Aff C C_1",8,"affirmative",,"conflated",,"C","paper","1",,28.1456529108454,,TRUE,
"baseline2","baseline2_004","Neg C A_1",8,"negative",,"conflated",,"A","leaf","1",,28.1456529108454,,TRUE,
"baseline2","baseline2_004","Aff M E_1",18,"affirmative",,"manner",,"E","chair","1",,28.1456529108454,,TRUE,
"baseline2","baseline2_004","Neg M D_1",50,"negative",,"manner",,"D","plank","1",,28.1456529108454,,TRUE,
"baseline2","baseline2_004","Aff M B_1",58,"affirmative",,"manner",,"B","car","1",,28.1456529108454,,TRUE,
"baseline2","baseline2_004","Aff 0 A_1",60,"affirmative",,"none",,"A","leaf","1",,28.1456529108454,,TRUE,
"baseline2","baseline2_004","Neg P B_1",68,"negative",,"path",,"B","car","1",,28.1456529108454,,TRUE,
"baseline2","baseline2_004","Aff 0 D_1",70,"affirmative",,"none",,"D","plank","1",,28.1456529108454,,TRUE,
"baseline2","baseline2_005","Neg 0 B_1",10,"negative",,"none",,"B","car","1",,33.0906163268212,,TRUE,
"baseline2","baseline2_005","Aff C B_1",12,"affirmative",,"conflated",,"B","car","1",,33.0906163268212,,TRUE,
"baseline2","baseline2_005","Neg P E_1",28,"negative",,"path",,"E","chair","1",,33.0906163268212,,TRUE,
"baseline2","baseline2_005","Aff P C_1",29,"affirmative",,"path",,"C","paper","1",,33.0906163268212,,TRUE,
"baseline2","baseline2_005","Neg M C_1",35,"negative",,"manner",,"C","paper","1",,33.0906163268212,,TRUE,
"baseline2","baseline2_005","Neg C D_1",50,"negative",,"conflated",,"D","plank","1",,33.0906163268212,,TRUE,
"baseline2","baseline2_005","Aff M A_1",70,"affirmative",,"manner",,"A","leaf","1",,33.0906163268212,,TRUE,
"baseline2","baseline2_005","Aff C E_1",86,"affirmative",,"conflated",,"E","chair","1",,33.0906163268212,,TRUE,
"baseline2","baseline2_005","Aff M D_1",92,"affirmative",,"manner",,"D","plank","1",,33.0906163268212,,TRUE,
"baseline2","baseline2_005","Neg P A_1",97,"negative",,"path",,"A","leaf","1",,33.0906163268212,,TRUE,
"baseline2","baseline2_006","Neg P C_1",15,"negative",,"path",,"C","paper","1",,26.8907253734649,,TRUE,
"baseline2","baseline2_006","Aff P A_1",31,"affirmative",,"path",,"A","leaf","1",,26.8907253734649,,TRUE,
"baseline2","baseline2_006","Neg 0 D_1",36,"negative",,"none",,"D","plank","1",,26.8907253734649,,TRUE,
"baseline2","baseline2_006","Neg M E_1",62,"negative",,"manner",,"E","chair","1",,26.8907253734649,,TRUE,
"baseline2","baseline2_006","Aff 0 E_1",76,"affirmative",,"none",,"E","chair","1",,26.8907253734649,,TRUE,
"baseline2","baseline2_006","Aff 0 B_1",80,"affirmative",,"none",,"B","car","1",,26.8907253734649,,TRUE,
"baseline2","baseline2_006","Aff P D_1",81,"affirmative",,"path",,"D","plank","1",,26.8907253734649,,TRUE,
"baseline2","baseline2_006","Neg M A_1",81,"negative",,"manner",,"A","leaf","1",,26.8907253734649,,TRUE,
"baseline2","baseline2_006","Aff M C_1",88,"affirmative",,"manner",,"C","paper","1",,26.8907253734649,,TRUE,
"baseline2","baseline2_006","Neg C B_1",90,"negative",,"conflated",,"B","car","1",,26.8907253734649,,TRUE,
"baseline2","baseline2_007","Neg C D_1",7,"negative",,"conflated",,"D","plank","1",,34.4494799186674,,TRUE,
"baseline2","baseline2_007","Aff C E_1",7,"affirmative",,"conflated",,"E","chair","1",,34.4494799186674,,TRUE,
"baseline2","baseline2_007","Neg P A_1",7,"negative",,"path",,"A","leaf","1",,34.4494799186674,,TRUE,
"baseline2","baseline2_007","Aff C B_1",16,"affirmative",,"conflated",,"B","car","1",,34.4494799186674,,TRUE,
"baseline2","baseline2_007","Neg M C_1",22,"negative",,"manner",,"C","paper","1",,34.4494799186674,,TRUE,
"baseline2","baseline2_007","Neg P E_1",50,"negative",,"path",,"E","chair","1",,34.4494799186674,,TRUE,
"baseline2","baseline2_007","Aff M D_1",55,"affirmative",,"manner",,"D","plank","1",,34.4494799186674,,TRUE,
"baseline2","baseline2_007","Aff M A_1",59,"affirmative",,"manner",,"A","leaf","1",,34.4494799186674,,TRUE,
"baseline2","baseline2_007","Aff P C_1",92,"affirmative",,"path",,"C","paper","1",,34.4494799186674,,TRUE,
"baseline2","baseline2_007","Neg 0 B_1",96,"negative",,"none",,"B","car","1",,34.4494799186674,,TRUE,
"baseline2","baseline2_008","Neg C E_1",0,"negative",,"conflated",,"E","chair","1",,29.1616186107699,,TRUE,
"baseline2","baseline2_008","Neg 0 C_1",0,"negative",,"none",,"C","paper","1",,29.1616186107699,,TRUE,
"baseline2","baseline2_008","Neg C A_1",0,"negative",,"conflated",,"A","leaf","1",,29.1616186107699,,TRUE,
"baseline2","baseline2_008","Neg M D_1",0,"negative",,"manner",,"D","plank","1",,29.1616186107699,,TRUE,
"baseline2","baseline2_008","Neg P B_1",1,"negative",,"path",,"B","car","1",,29.1616186107699,,TRUE,
"baseline2","baseline2_008","Aff M E_1",3,"affirmative",,"manner",,"E","chair","1",,29.1616186107699,,TRUE,
"baseline2","baseline2_008","Aff M B_1",18,"affirmative",,"manner",,"B","car","1",,29.1616186107699,,TRUE,
"baseline2","baseline2_008","Aff 0 A_1",50,"affirmative",,"none",,"A","leaf","1",,29.1616186107699,,TRUE,
"baseline2","baseline2_008","Aff 0 D_1",50,"affirmative",,"none",,"D","plank","1",,29.1616186107699,,TRUE,
"baseline2","baseline2_008","Aff C C_1",80,"affirmative",,"conflated",,"C","paper","1",,29.1616186107699,,TRUE,
"baseline2","baseline2_009","Neg P A_1",9,"negative",,"path",,"A","leaf","1",,31.0161248385416,,TRUE,
"baseline2","baseline2_009","Neg C D_1",10,"negative",,"conflated",,"D","plank","1",,31.0161248385416,,TRUE,
"baseline2","baseline2_009","Neg M C_1",17,"negative",,"manner",,"C","paper","1",,31.0161248385416,,TRUE,
"baseline2","baseline2_009","Neg P E_1",24,"negative",,"path",,"E","chair","1",,31.0161248385416,,TRUE,
"baseline2","baseline2_009","Aff M A_1",26,"affirmative",,"manner",,"A","leaf","1",,31.0161248385416,,TRUE,
"baseline2","baseline2_009","Aff M D_1",27,"affirmative",,"manner",,"D","plank","1",,31.0161248385416,,TRUE,
"baseline2","baseline2_009","Aff P C_1",67,"affirmative",,"path",,"C","paper","1",,31.0161248385416,,TRUE,
"baseline2","baseline2_009","Neg 0 B_1",70,"negative",,"none",,"B","car","1",,31.0161248385416,,TRUE,
"baseline2","baseline2_009","Aff C E_1",83,"affirmative",,"conflated",,"E","chair","1",,31.0161248385416,,TRUE,
"baseline2","baseline2_009","Aff C B_1",87,"affirmative",,"conflated",,"B","car","1",,31.0161248385416,,TRUE,
"baseline2","baseline2_010","Neg 0 E_1",0,"negative",,"none",,"E","chair","1",,40.5776347812985,,TRUE,
"baseline2","baseline2_010","Neg C C_1",0,"negative",,"conflated",,"C","paper","1",,40.5776347812985,,TRUE,
"baseline2","baseline2_010","Neg 0 A_1",1,"negative",,"none",,"A","leaf","1",,40.5776347812985,,TRUE,
"baseline2","baseline2_010","Aff C D_1",2,"affirmative",,"conflated",,"D","plank","1",,40.5776347812985,,TRUE,
"baseline2","baseline2_010","Aff 0 C_1",3,"affirmative",,"none",,"C","paper","1",,40.5776347812985,,TRUE,
"baseline2","baseline2_010","Neg M B_1",6,"negative",,"manner",,"B","car","1",,40.5776347812985,,TRUE,
"baseline2","baseline2_010","Aff C A_1",17,"affirmative",,"conflated",,"A","leaf","1",,40.5776347812985,,TRUE,
"baseline2","baseline2_010","Aff P E_1",76,"affirmative",,"path",,"E","chair","1",,40.5776347812985,,TRUE,
"baseline2","baseline2_010","Neg P D_1",84,"negative",,"path",,"D","plank","1",,40.5776347812985,,TRUE,
"baseline2","baseline2_010","Aff P B_1",100,"affirmative",,"path",,"B","car","1",,40.5776347812985,,TRUE,
"baseline2","baseline2_011","Neg P C_1",13,"negative",,"path",,"C","paper","1",,34.7153504311213,,TRUE,
"baseline2","baseline2_011","Aff 0 B_1",18,"affirmative",,"none",,"B","car","1",,34.7153504311213,,TRUE,
"baseline2","baseline2_011","Aff M C_1",74,"affirmative",,"manner",,"C","paper","1",,34.7153504311213,,TRUE,
"baseline2","baseline2_011","Neg C B_1",89,"negative",,"conflated",,"B","car","1",,34.7153504311213,,TRUE,
"baseline2","baseline2_011","Aff P A_1",100,"affirmative",,"path",,"A","leaf","1",,34.7153504311213,,TRUE,
"baseline2","baseline2_011","Neg M E_1",100,"negative",,"manner",,"E","chair","1",,34.7153504311213,,TRUE,
"baseline2","baseline2_011","Aff 0 E_1",100,"affirmative",,"none",,"E","chair","1",,34.7153504311213,,TRUE,
"baseline2","baseline2_011","Aff P D_1",100,"affirmative",,"path",,"D","plank","1",,34.7153504311213,,TRUE,
"baseline2","baseline2_011","Neg M A_1",100,"negative",,"manner",,"A","leaf","1",,34.7153504311213,,TRUE,
"baseline2","baseline2_011","Neg 0 D_1",100,"negative",,"none",,"D","plank","1",,34.7153504311213,,TRUE,
"baseline2","baseline2_012","Aff M A_1",73,"affirmative",,"manner",,"A","leaf","1",,7.94145242803019,,TRUE,
"baseline2","baseline2_012","Aff M D_1",74,"affirmative",,"manner",,"D","plank","1",,7.94145242803019,,TRUE,
"baseline2","baseline2_012","Neg M C_1",75,"negative",,"manner",,"C","paper","1",,7.94145242803019,,TRUE,
"baseline2","baseline2_012","Neg P E_1",77,"negative",,"path",,"E","chair","1",,7.94145242803019,,TRUE,
"baseline2","baseline2_012","Neg C D_1",85,"negative",,"conflated",,"D","plank","1",,7.94145242803019,,TRUE,
"baseline2","baseline2_012","Neg P A_1",85,"negative",,"path",,"A","leaf","1",,7.94145242803019,,TRUE,
"baseline2","baseline2_012","Aff P C_1",86,"affirmative",,"path",,"C","paper","1",,7.94145242803019,,TRUE,
"baseline2","baseline2_012","Aff C E_1",90,"affirmative",,"conflated",,"E","chair","1",,7.94145242803019,,TRUE,
"baseline2","baseline2_012","Aff C B_1",93,"affirmative",,"conflated",,"B","car","1",,7.94145242803019,,TRUE,
"baseline2","baseline2_012","Neg 0 B_1",94,"negative",,"none",,"B","car","1",,7.94145242803019,,TRUE,
"baseline2","baseline2_013","Neg M E_1",0,"negative",,"manner",,"E","chair","1",,21.8326971917504,,TRUE,
"baseline2","baseline2_013","Aff 0 E_1",0,"affirmative",,"none",,"E","chair","1",,21.8326971917504,,TRUE,
"baseline2","baseline2_013","Aff P A_1",10,"affirmative",,"path",,"A","leaf","1",,21.8326971917504,,TRUE,
"baseline2","baseline2_013","Neg M A_1",10,"negative",,"manner",,"A","leaf","1",,21.8326971917504,,TRUE,
"baseline2","baseline2_013","Aff M C_1",10,"affirmative",,"manner",,"C","paper","1",,21.8326971917504,,TRUE,
"baseline2","baseline2_013","Neg P C_1",20,"negative",,"path",,"C","paper","1",,21.8326971917504,,TRUE,
"baseline2","baseline2_013","Aff P D_1",20,"affirmative",,"path",,"D","plank","1",,21.8326971917504,,TRUE,
"baseline2","baseline2_013","Neg 0 D_1",20,"negative",,"none",,"D","plank","1",,21.8326971917504,,TRUE,
"baseline2","baseline2_013","Aff 0 B_1",60,"affirmative",,"none",,"B","car","1",,21.8326971917504,,TRUE,
"baseline2","baseline2_013","Neg C B_1",60,"negative",,"conflated",,"B","car","1",,21.8326971917504,,TRUE,
"baseline2","baseline2_014","Neg M B_1",12,"negative",,"manner",,"B","car","1",,33.9131243031367,,TRUE,
"baseline2","baseline2_014","Aff C A_1",17,"affirmative",,"conflated",,"A","leaf","1",,33.9131243031367,,TRUE,
"baseline2","baseline2_014","Neg P D_1",17,"negative",,"path",,"D","plank","1",,33.9131243031367,,TRUE,
"baseline2","baseline2_014","Aff P B_1",22,"affirmative",,"path",,"B","car","1",,33.9131243031367,,TRUE,
"baseline2","baseline2_014","Neg C C_1",60,"negative",,"conflated",,"C","paper","1",,33.9131243031367,,TRUE,
"baseline2","baseline2_014","Neg 0 E_1",75,"negative",,"none",,"E","chair","1",,33.9131243031367,,TRUE,
"baseline2","baseline2_014","Aff 0 C_1",78,"affirmative",,"none",,"C","paper","1",,33.9131243031367,,TRUE,
"baseline2","baseline2_014","Aff C D_1",86,"affirmative",,"conflated",,"D","plank","1",,33.9131243031367,,TRUE,
"baseline2","baseline2_014","Neg 0 A_1",88,"negative",,"none",,"A","leaf","1",,33.9131243031367,,TRUE,
"baseline2","baseline2_014","Aff P E_1",94,"affirmative",,"path",,"E","chair","1",,33.9131243031367,,TRUE,
"baseline2","baseline2_015","Neg 0 C_1",0,"negative",,"none",,"C","paper","1",,30.458715227884,,TRUE,
"baseline2","baseline2_015","Aff C C_1",0,"affirmative",,"conflated",,"C","paper","1",,30.458715227884,,TRUE,
"baseline2","baseline2_015","Neg C E_1",10,"negative",,"conflated",,"E","chair","1",,30.458715227884,,TRUE,
"baseline2","baseline2_015","Aff M E_1",11,"affirmative",,"manner",,"E","chair","1",,30.458715227884,,TRUE,
"baseline2","baseline2_015","Neg C A_1",20,"negative",,"conflated",,"A","leaf","1",,30.458715227884,,TRUE,
"baseline2","baseline2_015","Aff 0 A_1",34,"affirmative",,"none",,"A","leaf","1",,30.458715227884,,TRUE,
"baseline2","baseline2_015","Aff 0 D_1",35,"affirmative",,"none",,"D","plank","1",,30.458715227884,,TRUE,
"baseline2","baseline2_015","Neg M D_1",36,"negative",,"manner",,"D","plank","1",,30.458715227884,,TRUE,
"baseline2","baseline2_015","Aff M B_1",81,"affirmative",,"manner",,"B","car","1",,30.458715227884,,TRUE,
"baseline2","baseline2_015","Neg P B_1",85,"negative",,"path",,"B","car","1",,30.458715227884,,TRUE,
"baseline2","baseline2_016","Neg 0 A_1",80,"negative",,"none",,"A","leaf","1",,7.68042244208539,,TRUE,
"baseline2","baseline2_016","Neg P D_1",84,"negative",,"path",,"D","plank","1",,7.68042244208539,,TRUE,
"baseline2","baseline2_016","Neg 0 E_1",85,"negative",,"none",,"E","chair","1",,7.68042244208539,,TRUE,
"baseline2","baseline2_016","Aff 0 C_1",91,"affirmative",,"none",,"C","paper","1",,7.68042244208539,,TRUE,
"baseline2","baseline2_016","Neg C C_1",94,"negative",,"conflated",,"C","paper","1",,7.68042244208539,,TRUE,
"baseline2","baseline2_016","Aff C A_1",97,"affirmative",,"conflated",,"A","leaf","1",,7.68042244208539,,TRUE,
"baseline2","baseline2_016","Aff P B_1",100,"affirmative",,"path",,"B","car","1",,7.68042244208539,,TRUE,
"baseline2","baseline2_016","Neg M B_1",100,"negative",,"manner",,"B","car","1",,7.68042244208539,,TRUE,
"baseline2","baseline2_016","Aff C D_1",100,"affirmative",,"conflated",,"D","plank","1",,7.68042244208539,,TRUE,
"baseline2","baseline2_016","Aff P E_1",100,"affirmative",,"path",,"E","chair","1",,7.68042244208539,,TRUE,
"baseline2","baseline2_017","Neg M C_1",0,"negative",,"manner",,"C","paper","1",,29.2696277924936,,TRUE,
"baseline2","baseline2_017","Neg P E_1",0,"negative",,"path",,"E","chair","1",,29.2696277924936,,TRUE,
"baseline2","baseline2_017","Neg C D_1",0,"negative",,"conflated",,"D","plank","1",,29.2696277924936,,TRUE,
"baseline2","baseline2_017","Aff M D_1",34,"affirmative",,"manner",,"D","plank","1",,29.2696277924936,,TRUE,
"baseline2","baseline2_017","Aff C E_1",38,"affirmative",,"conflated",,"E","chair","1",,29.2696277924936,,TRUE,
"baseline2","baseline2_017","Neg P A_1",38,"negative",,"path",,"A","leaf","1",,29.2696277924936,,TRUE,
"baseline2","baseline2_017","Aff C B_1",58,"affirmative",,"conflated",,"B","car","1",,29.2696277924936,,TRUE,
"baseline2","baseline2_017","Aff M A_1",60,"affirmative",,"manner",,"A","leaf","1",,29.2696277924936,,TRUE,
"baseline2","baseline2_017","Neg 0 B_1",69,"negative",,"none",,"B","car","1",,29.2696277924936,,TRUE,
"baseline2","baseline2_017","Aff P C_1",77,"affirmative",,"path",,"C","paper","1",,29.2696277924936,,TRUE,
"baseline2","baseline2_018","Neg 0 E_1",6,"negative",,"none",,"E","chair","1",,19.501851763928,,TRUE,
"baseline2","baseline2_018","Neg P D_1",24,"negative",,"path",,"D","plank","1",,19.501851763928,,TRUE,
"baseline2","baseline2_018","Neg C C_1",25,"negative",,"conflated",,"C","paper","1",,19.501851763928,,TRUE,
"baseline2","baseline2_018","Aff P E_1",31,"affirmative",,"path",,"E","chair","1",,19.501851763928,,TRUE,
"baseline2","baseline2_018","Aff 0 C_1",32,"affirmative",,"none",,"C","paper","1",,19.501851763928,,TRUE,
"baseline2","baseline2_018","Neg 0 A_1",49,"negative",,"none",,"A","leaf","1",,19.501851763928,,TRUE,
"baseline2","baseline2_018","Aff P B_1",50,"affirmative",,"path",,"B","car","1",,19.501851763928,,TRUE,
"baseline2","baseline2_018","Neg M B_1",50,"negative",,"manner",,"B","car","1",,19.501851763928,,TRUE,
"baseline2","baseline2_018","Aff C D_1",64,"affirmative",,"conflated",,"D","plank","1",,19.501851763928,,TRUE,
"baseline2","baseline2_018","Aff C A_1",68,"affirmative",,"conflated",,"A","leaf","1",,19.501851763928,,TRUE,
"baseline2","baseline2_019","Aff C A_1",30,"affirmative",,"conflated",,"A","leaf","1",,17.5185615847877,,TRUE,
"baseline2","baseline2_019","Neg P D_1",37,"negative",,"path",,"D","plank","1",,17.5185615847877,,TRUE,
"baseline2","baseline2_019","Neg 0 E_1",62,"negative",,"none",,"E","chair","1",,17.5185615847877,,TRUE,
"baseline2","baseline2_019","Neg C C_1",63,"negative",,"conflated",,"C","paper","1",,17.5185615847877,,TRUE,
"baseline2","baseline2_019","Neg 0 A_1",65,"negative",,"none",,"A","leaf","1",,17.5185615847877,,TRUE,
"baseline2","baseline2_019","Neg M B_1",65,"negative",,"manner",,"B","car","1",,17.5185615847877,,TRUE,
"baseline2","baseline2_019","Aff P E_1",65,"affirmative",,"path",,"E","chair","1",,17.5185615847877,,TRUE,
"baseline2","baseline2_019","Aff 0 C_1",69,"affirmative",,"none",,"C","paper","1",,17.5185615847877,,TRUE,
"baseline2","baseline2_019","Aff C D_1",76,"affirmative",,"conflated",,"D","plank","1",,17.5185615847877,,TRUE,
"baseline2","baseline2_019","Aff P B_1",91,"affirmative",,"path",,"B","car","1",,17.5185615847877,,TRUE,
"baseline2","baseline2_020","Neg P D_1",0,"negative",,"path",,"D","plank","1",,36.9594372251527,,TRUE,
"baseline2","baseline2_020","Neg 0 A_1",0,"negative",,"none",,"A","leaf","1",,36.9594372251527,,TRUE,
"baseline2","baseline2_020","Neg C C_1",1,"negative",,"conflated",,"C","paper","1",,36.9594372251527,,TRUE,
"baseline2","baseline2_020","Neg M B_1",24,"negative",,"manner",,"B","car","1",,36.9594372251527,,TRUE,
"baseline2","baseline2_020","Aff 0 C_1",27,"affirmative",,"none",,"C","paper","1",,36.9594372251527,,TRUE,
"baseline2","baseline2_020","Neg 0 E_1",28,"negative",,"none",,"E","chair","1",,36.9594372251527,,TRUE,
"baseline2","baseline2_020","Aff P E_1",39,"affirmative",,"path",,"E","chair","1",,36.9594372251527,,TRUE,
"baseline2","baseline2_020","Aff C D_1",71,"affirmative",,"conflated",,"D","plank","1",,36.9594372251527,,TRUE,
"baseline2","baseline2_020","Aff P B_1",91,"affirmative",,"path",,"B","car","1",,36.9594372251527,,TRUE,
"baseline2","baseline2_020","Aff C A_1",99,"affirmative",,"conflated",,"A","leaf","1",,36.9594372251527,,TRUE,
"baseline2","baseline2_021","Aff P E_1",58,"affirmative",,"path",,"E","chair","1",,12.2787078581855,,TRUE,
"baseline2","baseline2_021","Aff 0 C_1",68,"affirmative",,"none",,"C","paper","1",,12.2787078581855,,TRUE,
"baseline2","baseline2_021","Neg M B_1",69,"negative",,"manner",,"B","car","1",,12.2787078581855,,TRUE,
"baseline2","baseline2_021","Aff C D_1",73,"affirmative",,"conflated",,"D","plank","1",,12.2787078581855,,TRUE,
"baseline2","baseline2_021","Aff P B_1",75,"affirmative",,"path",,"B","car","1",,12.2787078581855,,TRUE,
"baseline2","baseline2_021","Neg P D_1",84,"negative",,"path",,"D","plank","1",,12.2787078581855,,TRUE,
"baseline2","baseline2_021","Neg 0 A_1",87,"negative",,"none",,"A","leaf","1",,12.2787078581855,,TRUE,
"baseline2","baseline2_021","Aff C A_1",90,"affirmative",,"conflated",,"A","leaf","1",,12.2787078581855,,TRUE,
"baseline2","baseline2_021","Neg C C_1",91,"negative",,"conflated",,"C","paper","1",,12.2787078581855,,TRUE,
"baseline2","baseline2_021","Neg 0 E_1",96,"negative",,"none",,"E","chair","1",,12.2787078581855,,TRUE,
"baseline2","baseline2_022","Aff 0 A_1",53,"affirmative",,"none",,"A","leaf","1",,13.3454111963626,,TRUE,
"baseline2","baseline2_022","Neg 0 C_1",54,"negative",,"none",,"C","paper","1",,13.3454111963626,,TRUE,
"baseline2","baseline2_022","Neg C E_1",64,"negative",,"conflated",,"E","chair","1",,13.3454111963626,,TRUE,
"baseline2","baseline2_022","Aff M B_1",68,"affirmative",,"manner",,"B","car","1",,13.3454111963626,,TRUE,
"baseline2","baseline2_022","Neg P B_1",78,"negative",,"path",,"B","car","1",,13.3454111963626,,TRUE,
"baseline2","baseline2_022","Neg M D_1",80,"negative",,"manner",,"D","plank","1",,13.3454111963626,,TRUE,
"baseline2","baseline2_022","Aff 0 D_1",80,"affirmative",,"none",,"D","plank","1",,13.3454111963626,,TRUE,
"baseline2","baseline2_022","Aff C C_1",86,"affirmative",,"conflated",,"C","paper","1",,13.3454111963626,,TRUE,
"baseline2","baseline2_022","Aff M E_1",87,"affirmative",,"manner",,"E","chair","1",,13.3454111963626,,TRUE,
"baseline2","baseline2_022","Neg C A_1",89,"negative",,"conflated",,"A","leaf","1",,13.3454111963626,,TRUE,
"baseline2","baseline2_023","Neg P C_1",0,"negative",,"path",,"C","paper","1",,27.3798384866594,,TRUE,
"baseline2","baseline2_023","Neg M A_1",0,"negative",,"manner",,"A","leaf","1",,27.3798384866594,,TRUE,
"baseline2","baseline2_023","Aff M C_1",0,"affirmative",,"manner",,"C","paper","1",,27.3798384866594,,TRUE,
"baseline2","baseline2_023","Neg C B_1",1,"negative",,"conflated",,"B","car","1",,27.3798384866594,,TRUE,
"baseline2","baseline2_023","Aff 0 B_1",3,"affirmative",,"none",,"B","car","1",,27.3798384866594,,TRUE,
"baseline2","baseline2_023","Aff P D_1",23,"affirmative",,"path",,"D","plank","1",,27.3798384866594,,TRUE,
"baseline2","baseline2_023","Neg M E_1",26,"negative",,"manner",,"E","chair","1",,27.3798384866594,,TRUE,
"baseline2","baseline2_023","Aff 0 E_1",50,"affirmative",,"none",,"E","chair","1",,27.3798384866594,,TRUE,
"baseline2","baseline2_023","Neg 0 D_1",50,"negative",,"none",,"D","plank","1",,27.3798384866594,,TRUE,
"baseline2","baseline2_023","Aff P A_1",76,"affirmative",,"path",,"A","leaf","1",,27.3798384866594,,TRUE,
"baseline2","baseline2_024","Neg C E_1",20,"negative",,"conflated",,"E","chair","1",,19.1557940175928,,TRUE,
"baseline2","baseline2_024","Neg 0 C_1",20,"negative",,"none",,"C","paper","1",,19.1557940175928,,TRUE,
"baseline2","baseline2_024","Neg P B_1",20,"negative",,"path",,"B","car","1",,19.1557940175928,,TRUE,
"baseline2","baseline2_024","Aff 0 D_1",20,"affirmative",,"none",,"D","plank","1",,19.1557940175928,,TRUE,
"baseline2","baseline2_024","Neg C A_1",30,"negative",,"conflated",,"A","leaf","1",,19.1557940175928,,TRUE,
"baseline2","baseline2_024","Aff 0 A_1",50,"affirmative",,"none",,"A","leaf","1",,19.1557940175928,,TRUE,
"baseline2","baseline2_024","Aff C C_1",50,"affirmative",,"conflated",,"C","paper","1",,19.1557940175928,,TRUE,
"baseline2","baseline2_024","Aff M E_1",50,"affirmative",,"manner",,"E","chair","1",,19.1557940175928,,TRUE,
"baseline2","baseline2_024","Neg M D_1",50,"negative",,"manner",,"D","plank","1",,19.1557940175928,,TRUE,
"baseline2","baseline2_024","Aff M B_1",75,"affirmative",,"manner",,"B","car","1",,19.1557940175928,,TRUE,
"baseline2","baseline2_025","Neg P B_1",33,"negative",,"path",,"B","car","1",,14.9536320374386,,TRUE,
"baseline2","baseline2_025","Aff C C_1",39,"affirmative",,"conflated",,"C","paper","1",,14.9536320374386,,TRUE,
"baseline2","baseline2_025","Aff 0 D_1",39,"affirmative",,"none",,"D","plank","1",,14.9536320374386,,TRUE,
"baseline2","baseline2_025","Aff M E_1",41,"affirmative",,"manner",,"E","chair","1",,14.9536320374386,,TRUE,
"baseline2","baseline2_025","Neg C E_1",51,"negative",,"conflated",,"E","chair","1",,14.9536320374386,,TRUE,
"baseline2","baseline2_025","Neg 0 C_1",59,"negative",,"none",,"C","paper","1",,14.9536320374386,,TRUE,
"baseline2","baseline2_025","Aff 0 A_1",60,"affirmative",,"none",,"A","leaf","1",,14.9536320374386,,TRUE,
"baseline2","baseline2_025","Neg M D_1",68,"negative",,"manner",,"D","plank","1",,14.9536320374386,,TRUE,
"baseline2","baseline2_025","Neg C A_1",71,"negative",,"conflated",,"A","leaf","1",,14.9536320374386,,TRUE,
"baseline2","baseline2_025","Aff M B_1",74,"affirmative",,"manner",,"B","car","1",,14.9536320374386,,TRUE,
"baseline2","baseline2_026","Neg 0 C_1",0,"negative",,"none",,"C","paper","1",,40.727277236652,,TRUE,
"baseline2","baseline2_026","Neg C A_1",0,"negative",,"conflated",,"A","leaf","1",,40.727277236652,,TRUE,
"baseline2","baseline2_026","Neg M D_1",0,"negative",,"manner",,"D","plank","1",,40.727277236652,,TRUE,
"baseline2","baseline2_026","Neg C E_1",18,"negative",,"conflated",,"E","chair","1",,40.727277236652,,TRUE,
"baseline2","baseline2_026","Aff M B_1",38,"affirmative",,"manner",,"B","car","1",,40.727277236652,,TRUE,
"baseline2","baseline2_026","Neg P B_1",56,"negative",,"path",,"B","car","1",,40.727277236652,,TRUE,
"baseline2","baseline2_026","Aff M E_1",75,"affirmative",,"manner",,"E","chair","1",,40.727277236652,,TRUE,
"baseline2","baseline2_026","Aff 0 D_1",77,"affirmative",,"none",,"D","plank","1",,40.727277236652,,TRUE,
"baseline2","baseline2_026","Aff 0 A_1",100,"affirmative",,"none",,"A","leaf","1",,40.727277236652,,TRUE,
"baseline2","baseline2_026","Aff C C_1",100,"affirmative",,"conflated",,"C","paper","1",,40.727277236652,,TRUE,
"baseline2","baseline2_027","Neg C D_1",6,"negative",,"conflated",,"D","plank","1",,46.9918432638403,,TRUE,
"baseline2","baseline2_027","Aff M D_1",6,"affirmative",,"manner",,"D","plank","1",,46.9918432638403,,TRUE,
"baseline2","baseline2_027","Neg M C_1",10,"negative",,"manner",,"C","paper","1",,46.9918432638403,,TRUE,
"baseline2","baseline2_027","Neg P E_1",13,"negative",,"path",,"E","chair","1",,46.9918432638403,,TRUE,
"baseline2","baseline2_027","Aff P C_1",99,"affirmative",,"path",,"C","paper","1",,46.9918432638403,,TRUE,
"baseline2","baseline2_027","Aff C B_1",99,"affirmative",,"conflated",,"B","car","1",,46.9918432638403,,TRUE,
"baseline2","baseline2_027","Aff M A_1",100,"affirmative",,"manner",,"A","leaf","1",,46.9918432638403,,TRUE,
"baseline2","baseline2_027","Neg 0 B_1",100,"negative",,"none",,"B","car","1",,46.9918432638403,,TRUE,
"baseline2","baseline2_027","Aff C E_1",100,"affirmative",,"conflated",,"E","chair","1",,46.9918432638403,,TRUE,
"baseline2","baseline2_027","Neg P A_1",100,"negative",,"path",,"A","leaf","1",,46.9918432638403,,TRUE,
"baseline2","baseline2_028","Neg C C_1",7,"negative",,"conflated",,"C","paper","1",,36.8542173072952,,TRUE,
"baseline2","baseline2_028","Aff C A_1",20,"affirmative",,"conflated",,"A","leaf","1",,36.8542173072952,,TRUE,
"baseline2","baseline2_028","Neg M B_1",22,"negative",,"manner",,"B","car","1",,36.8542173072952,,TRUE,
"baseline2","baseline2_028","Neg 0 A_1",23,"negative",,"none",,"A","leaf","1",,36.8542173072952,,TRUE,
"baseline2","baseline2_028","Neg P D_1",31,"negative",,"path",,"D","plank","1",,36.8542173072952,,TRUE,
"baseline2","baseline2_028","Aff C D_1",78,"affirmative",,"conflated",,"D","plank","1",,36.8542173072952,,TRUE,
"baseline2","baseline2_028","Aff P E_1",83,"affirmative",,"path",,"E","chair","1",,36.8542173072952,,TRUE,
"baseline2","baseline2_028","Aff 0 C_1",90,"affirmative",,"none",,"C","paper","1",,36.8542173072952,,TRUE,
"baseline2","baseline2_028","Neg 0 E_1",93,"negative",,"none",,"E","chair","1",,36.8542173072952,,TRUE,
"baseline2","baseline2_028","Aff P B_1",100,"affirmative",,"path",,"B","car","1",,36.8542173072952,,TRUE,
"baseline2","baseline2_029","Neg P C_1",75,"negative",,"path",,"C","paper","1",,7.67463354173996,,TRUE,
"baseline2","baseline2_029","Aff M C_1",79,"affirmative",,"manner",,"C","paper","1",,7.67463354173996,,TRUE,
"baseline2","baseline2_029","Aff 0 E_1",84,"affirmative",,"none",,"E","chair","1",,7.67463354173996,,TRUE,
"baseline2","baseline2_029","Neg M E_1",87,"negative",,"manner",,"E","chair","1",,7.67463354173996,,TRUE,
"baseline2","baseline2_029","Aff 0 B_1",87,"affirmative",,"none",,"B","car","1",,7.67463354173996,,TRUE,
"baseline2","baseline2_029","Neg 0 D_1",89,"negative",,"none",,"D","plank","1",,7.67463354173996,,TRUE,
"baseline2","baseline2_029","Neg C B_1",92,"negative",,"conflated",,"B","car","1",,7.67463354173996,,TRUE,
"baseline2","baseline2_029","Aff P D_1",93,"affirmative",,"path",,"D","plank","1",,7.67463354173996,,TRUE,
"baseline2","baseline2_029","Neg M A_1",98,"negative",,"manner",,"A","leaf","1",,7.67463354173996,,TRUE,
"baseline2","baseline2_029","Aff P A_1",99,"affirmative",,"path",,"A","leaf","1",,7.67463354173996,,TRUE,
"baseline2","baseline2_030","Neg 0 B_1",0,"negative",,"none",,"B","car","1",,34.389274813846,,TRUE,
"baseline2","baseline2_030","Aff M D_1",40,"affirmative",,"manner",,"D","plank","1",,34.389274813846,,TRUE,
"baseline2","baseline2_030","Aff C E_1",68,"affirmative",,"conflated",,"E","chair","1",,34.389274813846,,TRUE,
"baseline2","baseline2_030","Neg P A_1",90,"negative",,"path",,"A","leaf","1",,34.389274813846,,TRUE,
"baseline2","baseline2_030","Aff M A_1",100,"affirmative",,"manner",,"A","leaf","1",,34.389274813846,,TRUE,
"baseline2","baseline2_030","Neg M C_1",100,"negative",,"manner",,"C","paper","1",,34.389274813846,,TRUE,
"baseline2","baseline2_030","Neg P E_1",100,"negative",,"path",,"E","chair","1",,34.389274813846,,TRUE,
"baseline2","baseline2_030","Aff P C_1",100,"affirmative",,"path",,"C","paper","1",,34.389274813846,,TRUE,
"baseline2","baseline2_030","Neg C D_1",100,"negative",,"conflated",,"D","plank","1",,34.389274813846,,TRUE,
"baseline2","baseline2_030","Aff C B_1",100,"affirmative",,"conflated",,"B","car","1",,34.389274813846,,TRUE,
"baseline2","baseline2_031","Neg M E_1",0,"negative",,"manner",,"E","chair","1",,49.8023872698667,,TRUE,
"baseline2","baseline2_031","Aff P D_1",0,"affirmative",,"path",,"D","plank","1",,49.8023872698667,,TRUE,
"baseline2","baseline2_031","Neg M A_1",0,"negative",,"manner",,"A","leaf","1",,49.8023872698667,,TRUE,
"baseline2","baseline2_031","Aff M C_1",0,"affirmative",,"manner",,"C","paper","1",,49.8023872698667,,TRUE,
"baseline2","baseline2_031","Neg C B_1",0,"negative",,"conflated",,"B","car","1",,49.8023872698667,,TRUE,
"baseline2","baseline2_031","Aff P A_1",55,"affirmative",,"path",,"A","leaf","1",,49.8023872698667,,TRUE,
"baseline2","baseline2_031","Aff 0 B_1",100,"affirmative",,"none",,"B","car","1",,49.8023872698667,,TRUE,
"baseline2","baseline2_031","Neg P C_1",100,"negative",,"path",,"C","paper","1",,49.8023872698667,,TRUE,
"baseline2","baseline2_031","Aff 0 E_1",100,"affirmative",,"none",,"E","chair","1",,49.8023872698667,,TRUE,
"baseline2","baseline2_031","Neg 0 D_1",100,"negative",,"none",,"D","plank","1",,49.8023872698667,,TRUE,
"baseline2","baseline2_032","Neg 0 E_1",0,"negative",,"none",,"E","chair","1",,42.6146818726963,,TRUE,
"baseline2","baseline2_032","Neg C C_1",0,"negative",,"conflated",,"C","paper","1",,42.6146818726963,,TRUE,
"baseline2","baseline2_032","Neg 0 A_1",0,"negative",,"none",,"A","leaf","1",,42.6146818726963,,TRUE,
"baseline2","baseline2_032","Neg P D_1",66,"negative",,"path",,"D","plank","1",,42.6146818726963,,TRUE,
"baseline2","baseline2_032","Aff P B_1",73,"affirmative",,"path",,"B","car","1",,42.6146818726963,,TRUE,
"baseline2","baseline2_032","Aff P E_1",78,"affirmative",,"path",,"E","chair","1",,42.6146818726963,,TRUE,
"baseline2","baseline2_032","Aff C D_1",86,"affirmative",,"conflated",,"D","plank","1",,42.6146818726963,,TRUE,
"baseline2","baseline2_032","Aff 0 C_1",96,"affirmative",,"none",,"C","paper","1",,42.6146818726963,,TRUE,
"baseline2","baseline2_032","Aff C A_1",98,"affirmative",,"conflated",,"A","leaf","1",,42.6146818726963,,TRUE,
"baseline2","baseline2_032","Neg M B_1",100,"negative",,"manner",,"B","car","1",,42.6146818726963,,TRUE,
"baseline2","baseline2_033","Aff M A_1",0,"affirmative",,"manner",,"A","leaf","1",,35.9828662930938,,TRUE,
"baseline2","baseline2_033","Neg M C_1",7,"negative",,"manner",,"C","paper","1",,35.9828662930938,,TRUE,
"baseline2","baseline2_033","Neg P E_1",9,"negative",,"path",,"E","chair","1",,35.9828662930938,,TRUE,
"baseline2","baseline2_033","Aff P C_1",9,"affirmative",,"path",,"C","paper","1",,35.9828662930938,,TRUE,
"baseline2","baseline2_033","Neg C D_1",9,"negative",,"conflated",,"D","plank","1",,35.9828662930938,,TRUE,
"baseline2","baseline2_033","Neg P A_1",30,"negative",,"path",,"A","leaf","1",,35.9828662930938,,TRUE,
"baseline2","baseline2_033","Neg 0 B_1",75,"negative",,"none",,"B","car","1",,35.9828662930938,,TRUE,
"baseline2","baseline2_033","Aff C B_1",80,"affirmative",,"conflated",,"B","car","1",,35.9828662930938,,TRUE,
"baseline2","baseline2_033","Aff M D_1",80,"affirmative",,"manner",,"D","plank","1",,35.9828662930938,,TRUE,
"baseline2","baseline2_033","Aff C E_1",80,"affirmative",,"conflated",,"E","chair","1",,35.9828662930938,,TRUE,
"baseline2","baseline2_034","Neg P D_1",54,"negative",,"path",,"D","plank","1",,13.3266649991661,,TRUE,
"baseline2","baseline2_034","Neg C C_1",60,"negative",,"conflated",,"C","paper","1",,13.3266649991661,,TRUE,
"baseline2","baseline2_034","Neg M B_1",60,"negative",,"manner",,"B","car","1",,13.3266649991661,,TRUE,
"baseline2","baseline2_034","Aff C A_1",70,"affirmative",,"conflated",,"A","leaf","1",,13.3266649991661,,TRUE,
"baseline2","baseline2_034","Aff C D_1",70,"affirmative",,"conflated",,"D","plank","1",,13.3266649991661,,TRUE,
"baseline2","baseline2_034","Aff P B_1",75,"affirmative",,"path",,"B","car","1",,13.3266649991661,,TRUE,
"baseline2","baseline2_034","Aff P E_1",75,"affirmative",,"path",,"E","chair","1",,13.3266649991661,,TRUE,
"baseline2","baseline2_034","Aff 0 C_1",88,"affirmative",,"none",,"C","paper","1",,13.3266649991661,,TRUE,
"baseline2","baseline2_034","Neg 0 E_1",90,"negative",,"none",,"E","chair","1",,13.3266649991661,,TRUE,
"baseline2","baseline2_034","Neg 0 A_1",92,"negative",,"none",,"A","leaf","1",,13.3266649991661,,TRUE,
"baseline2","baseline2_035","Aff M E_1",61,"affirmative",,"manner",,"E","chair","1",,8.0311892021045,,TRUE,
"baseline2","baseline2_035","Neg C A_1",67,"negative",,"conflated",,"A","leaf","1",,8.0311892021045,,TRUE,
"baseline2","baseline2_035","Neg C E_1",72,"negative",,"conflated",,"E","chair","1",,8.0311892021045,,TRUE,
"baseline2","baseline2_035","Aff M B_1",75,"affirmative",,"manner",,"B","car","1",,8.0311892021045,,TRUE,
"baseline2","baseline2_035","Neg P B_1",75,"negative",,"path",,"B","car","1",,8.0311892021045,,TRUE,
"baseline2","baseline2_035","Neg 0 C_1",76,"negative",,"none",,"C","paper","1",,8.0311892021045,,TRUE,
"baseline2","baseline2_035","Aff 0 D_1",76,"affirmative",,"none",,"D","plank","1",,8.0311892021045,,TRUE,
"baseline2","baseline2_035","Aff 0 A_1",79,"affirmative",,"none",,"A","leaf","1",,8.0311892021045,,TRUE,
"baseline2","baseline2_035","Neg M D_1",85,"negative",,"manner",,"D","plank","1",,8.0311892021045,,TRUE,
"baseline2","baseline2_035","Aff C C_1",89,"affirmative",,"conflated",,"C","paper","1",,8.0311892021045,,TRUE,
"baseline2","baseline2_036","Neg C D_1",4,"negative",,"conflated",,"D","plank","1",,34.353715632778,,TRUE,
"baseline2","baseline2_036","Aff M D_1",9,"affirmative",,"manner",,"D","plank","1",,34.353715632778,,TRUE,
"baseline2","baseline2_036","Neg P E_1",14,"negative",,"path",,"E","chair","1",,34.353715632778,,TRUE,
"baseline2","baseline2_036","Neg P A_1",15,"negative",,"path",,"A","leaf","1",,34.353715632778,,TRUE,
"baseline2","baseline2_036","Neg M C_1",18,"negative",,"manner",,"C","paper","1",,34.353715632778,,TRUE,
"baseline2","baseline2_036","Aff P C_1",57,"affirmative",,"path",,"C","paper","1",,34.353715632778,,TRUE,
"baseline2","baseline2_036","Aff M A_1",62,"affirmative",,"manner",,"A","leaf","1",,34.353715632778,,TRUE,
"baseline2","baseline2_036","Aff C E_1",68,"affirmative",,"conflated",,"E","chair","1",,34.353715632778,,TRUE,
"baseline2","baseline2_036","Neg 0 B_1",90,"negative",,"none",,"B","car","1",,34.353715632778,,TRUE,
"baseline2","baseline2_036","Aff C B_1",91,"affirmative",,"conflated",,"B","car","1",,34.353715632778,,TRUE,
"baseline2","baseline2_037","Neg M E_1",10,"negative",,"manner",,"E","chair","1",,18.4089350286454,,TRUE,
"baseline2","baseline2_037","Neg P C_1",10,"negative",,"path",,"C","paper","1",,18.4089350286454,,TRUE,
"baseline2","baseline2_037","Aff 0 E_1",10,"affirmative",,"none",,"E","chair","1",,18.4089350286454,,TRUE,
"baseline2","baseline2_037","Aff P D_1",10,"affirmative",,"path",,"D","plank","1",,18.4089350286454,,TRUE,
"baseline2","baseline2_037","Neg 0 D_1",10,"negative",,"none",,"D","plank","1",,18.4089350286454,,TRUE,
"baseline2","baseline2_037","Aff 0 B_1",30,"affirmative",,"none",,"B","car","1",,18.4089350286454,,TRUE,
"baseline2","baseline2_037","Neg M A_1",30,"negative",,"manner",,"A","leaf","1",,18.4089350286454,,TRUE,
"baseline2","baseline2_037","Aff M C_1",30,"affirmative",,"manner",,"C","paper","1",,18.4089350286454,,TRUE,
"baseline2","baseline2_037","Neg C B_1",50,"negative",,"conflated",,"B","car","1",,18.4089350286454,,TRUE,
"baseline2","baseline2_037","Aff P A_1",60,"affirmative",,"path",,"A","leaf","1",,18.4089350286454,,TRUE,
"baseline2","baseline2_038","Aff C E_1",10,"affirmative",,"conflated",,"E","chair","1",,23.2417249312046,,TRUE,
"baseline2","baseline2_038","Neg P A_1",14,"negative",,"path",,"A","leaf","1",,23.2417249312046,,TRUE,
"baseline2","baseline2_038","Neg P E_1",19,"negative",,"path",,"E","chair","1",,23.2417249312046,,TRUE,
"baseline2","baseline2_038","Neg M C_1",22,"negative",,"manner",,"C","paper","1",,23.2417249312046,,TRUE,
"baseline2","baseline2_038","Aff M A_1",24,"affirmative",,"manner",,"A","leaf","1",,23.2417249312046,,TRUE,
"baseline2","baseline2_038","Neg C D_1",29,"negative",,"conflated",,"D","plank","1",,23.2417249312046,,TRUE,
"baseline2","baseline2_038","Neg 0 B_1",61,"negative",,"none",,"B","car","1",,23.2417249312046,,TRUE,
"baseline2","baseline2_038","Aff C B_1",63,"affirmative",,"conflated",,"B","car","1",,23.2417249312046,,TRUE,
"baseline2","baseline2_038","Aff P C_1",64,"affirmative",,"path",,"C","paper","1",,23.2417249312046,,TRUE,
"baseline2","baseline2_038","Aff M D_1",66,"affirmative",,"manner",,"D","plank","1",,23.2417249312046,,TRUE,
"baseline2","baseline2_039","Neg C A_1",19,"negative",,"conflated",,"A","leaf","1",,23.832750575626,,TRUE,
"baseline2","baseline2_039","Aff M B_1",21,"affirmative",,"manner",,"B","car","1",,23.832750575626,,TRUE,
"baseline2","baseline2_039","Neg C E_1",31,"negative",,"conflated",,"E","chair","1",,23.832750575626,,TRUE,
"baseline2","baseline2_039","Neg M D_1",53,"negative",,"manner",,"D","plank","1",,23.832750575626,,TRUE,
"baseline2","baseline2_039","Aff M E_1",62,"affirmative",,"manner",,"E","chair","1",,23.832750575626,,TRUE,
"baseline2","baseline2_039","Aff 0 D_1",63,"affirmative",,"none",,"D","plank","1",,23.832750575626,,TRUE,
"baseline2","baseline2_039","Neg P B_1",64,"negative",,"path",,"B","car","1",,23.832750575626,,TRUE,
"baseline2","baseline2_039","Aff 0 A_1",69,"affirmative",,"none",,"A","leaf","1",,23.832750575626,,TRUE,
"baseline2","baseline2_039","Neg 0 C_1",82,"negative",,"none",,"C","paper","1",,23.832750575626,,TRUE,
"baseline2","baseline2_039","Aff C C_1",86,"affirmative",,"conflated",,"C","paper","1",,23.832750575626,,TRUE,
"baseline2","baseline2_040","Neg P A_1",14,"negative",,"path",,"A","leaf","1",,29.5559732635479,,TRUE,
"baseline2","baseline2_040","Neg M C_1",26,"negative",,"manner",,"C","paper","1",,29.5559732635479,,TRUE,
"baseline2","baseline2_040","Aff M A_1",35,"affirmative",,"manner",,"A","leaf","1",,29.5559732635479,,TRUE,
"baseline2","baseline2_040","Neg P E_1",60,"negative",,"path",,"E","chair","1",,29.5559732635479,,TRUE,
"baseline2","baseline2_040","Aff C E_1",70,"affirmative",,"conflated",,"E","chair","1",,29.5559732635479,,TRUE,
"baseline2","baseline2_040","Aff P C_1",80,"affirmative",,"path",,"C","paper","1",,29.5559732635479,,TRUE,
"baseline2","baseline2_040","Neg C D_1",80,"negative",,"conflated",,"D","plank","1",,29.5559732635479,,TRUE,
"baseline2","baseline2_040","Aff C B_1",80,"affirmative",,"conflated",,"B","car","1",,29.5559732635479,,TRUE,
"baseline2","baseline2_040","Aff M D_1",95,"affirmative",,"manner",,"D","plank","1",,29.5559732635479,,TRUE,
"baseline2","baseline2_040","Neg 0 B_1",100,"negative",,"none",,"B","car","1",,29.5559732635479,,TRUE,
